{"11": {"actual_fidelities": 0.5151928416282481, "total_verified_pairs": 5.0, "success_verification_probability": [0.12500000000020683, 0.1591409844204827], "total_verification_count": 2.0, "success_verification_count": 1.0, "teleport_success_count": 0.0, "raw_data": {"actual_fidelities": [0.4673435763023663, 0.5074092411340556, 0.5264167672326446, 0.48836923394799997, 0.4604872612125779, 0.5126548426635991, 0.525910690480331, 0.5980576246205731, 0.5155054087834655, 0.5497737699048664], "total_verified_pairs": [5, 5], "total_verification_count": [2, 2], "success_verification_count": [1, 1], "teleport_success_count": [0, 0]}}, "16": {"actual_fidelities": 0.8155380919710579, "total_verified_pairs": 10.0, "success_verification_probability": [1.0000000000016545, 1.0000000000016542, 1.0000000000016542, 0.16427608978238917], "total_verification_count": 9.5, "success_verification_count": 2.0, "teleport_success_count": 7.5, "raw_data": {"actual_fidelities": [0.9999999999999999, 0.9999999999999998, 0.9999999999999999, 0.9999999999999999, 0.9999999999999998, 0.9999999999999999, 0.9999999999999999, 0.9999999999999999, 0.9999999999999999, 0.9999999999999998, 0.9999999999999999, 0.9999999999999999, 0.9999999999999999, 0.9999999999999998, 0.9999999999999998, 4.430141728381518e-09, 0.21436463903358943, 0.8732377791470005, 0.1869817142775958, 0.03617770253283077], "total_verified_pairs": [10, 10], "total_verification_count": [10, 9], "success_verification_count": [2, 2], "teleport_success_count": [10, 5]}}, "21": {"actual_fidelities": 0.6221051893670154, "total_verified_pairs": 15.0, "success_verification_probability": [0.1358022143157797, 0.31250000000017264, 0.1250000000002068, 1.0000000000016542, 0.12231917382400068, 0.12936451784253766], "total_verification_count": 7.0, "success_verification_count": 3.0, "teleport_success_count": 4.0, "raw_data": {"actual_fidelities": [0.5195054685459813, 0.4616554599572243, 0.5055312916584578, 0.49667805390569736, 0.46304544097721007, 0.8944271909985457, 0.9999999999999998, 1.0, 8.860283456762717e-09, 0.9999999999999999, 0.49518512484243465, 0.5074092411344099, 0.5153882032017912, 0.5126867483492392, 0.5128774605508656, 0.9999999999999999, 0.9999999999999999, 0.9999999999999999, 0.9999999999999999, 0.9999999999999998, 0.25272473256242783, 0.8404330344316291, 0, 0.7444099635507542, 0.42392543342733513, 0.5465750890267036, 0.5002635718133353, 0.5483412793806883, 0.5063161690087017, 0.41577671482674444], "total_verified_pairs": [15, 15], "total_verification_count": [4, 10], "success_verification_count": [3, 3], "teleport_success_count": [3, 5]}}, "26": {"actual_fidelities": 0.6646814240958978, "total_verified_pairs": 20.0, "success_verification_probability": [1.0000000000016547, 0.1279311423496234, 0.2139924707823973, 0.25000000000029166, 0.1875000000004567, 1.0000000000016542, 0.11895509265200346, 0.062499999999956896], "total_verification_count": 29.0, "success_verification_count": 4.0, "teleport_success_count": 7.0, "raw_data": {"actual_fidelities": [0.9999999999999999, 0.9999999999999999, 0.9999999999999998, 0.9999999999999999, 0.9999999999999999, 0.517341034591661, 0.49341302072666465, 0.4989805304929546, 0.4610895100923509, 0.4154255529110156, 0.7496002094971655, 0.7510300296180283, 0.6613978490774512, 0.33715717452436667, 0.5323322889286466, 0.9999999999999999, 0.9999999999999999, 0.9999999999999998, 0.9999999999999999, 0, 0.0, 0.676161362272403, 0.949931011738512, 0.15929058089800033, 0.8125649267178671, 0.9999999999999999, 0.9999999999999999, 0.9999999999999998, 0.9999999999999998, 0.9999999999999997, 0.8775726995706981, 0.9666043426094306, 0.3624252884318336, 3.6769577274267717e-17, 0.43825397557154877, 0.3535533905934992, 0.8660254037842544, 0.7071067811863219, 1.2405395941524685e-12, 1.285569381063299e-16], "total_verified_pairs": [20, 20], "total_verification_count": [34, 24], "success_verification_count": [4, 4], "teleport_success_count": [9, 5]}}, "31": {"actual_fidelities": 0.7186400403086458, "total_verified_pairs": 25.0, "success_verification_probability": [1.0000000000016542, 0.16071398372490803, 0.13723884154753924, 0.1206354821578791, 0.31250000000017264, 1.0000000000016545, 1.0000000000016547, 0.21606917382461888, 0.20609823351166712, 1.0000000000016542], "total_verification_count": 33.0, "success_verification_count": 5.0, "teleport_success_count": 11.5, "raw_data": {"actual_fidelities": [0.9999999999999999, 0.9999999999999999, 0.9999999999999998, 0.9999999999999998, 0.9999999999999997, 0.5170702210489475, 0.5046649486923043, 0.5936974012154057, 0.512666279510716, 0.5063184053900304, 0.4943465828338913, 0.5450299093137342, 0.4572153087771882, 0.5604836250461703, 0.39098444932879156, 0.5472601824451835, 0.48186411398623696, 0.5040910400556231, 0.4379180667525112, 0.4650453466515337, 0.8944271909985457, 0.9999999999999998, 1.0, 0, 0.9999999999999998, 0.9999999999999999, 0.9999999999999998, 0.9999999999999999, 0.9999999999999999, 0.9999999999999998, 0.9999999999999999, 0.9999999999999999, 0.9999999999999998, 0.9999999999999998, 0.9999999999999998, 0.0, 0.778214316778565, 0.27774123914053644, 4.430141728381517e-09, 0.7198884471521031, 0.0, 0.8680732363579468, 0.5031878600663964, 0.5194725427922608, 0.8523412966675263, 0.9999999999999999, 0.9999999999999999, 0.9999999999999998, 0.9999999999999998, 0.9999999999999998], "total_verified_pairs": [25, 25], "total_verification_count": [39, 27], "success_verification_count": [5, 5], "teleport_success_count": [8, 15]}}}