{"13": {"actual_fidelities": 0.5037985028396802, "total_verified_pairs": 7.0, "success_verification_probability": [0.12609713364824673, 0.1249999999998955], "total_verification_count": 8.5, "success_verification_count": 1.0, "teleport_success_count": 0.0, "raw_data": {"actual_fidelities": [0.5291391862979585, 0.5005220815123066, 0.5020552519141233, 0.4451134570835751, 0.533745431770193, 0.458709473572138, 0.4728334611090454, 0.49861064888849915, 0.5008914099478515, 0.4999999999998066, 0.519832073054801, 0.5204662819148509, 0.5438785493706992, 0.5273817333196748], "total_verified_pairs": [7, 7], "total_verification_count": [16, 1], "success_verification_count": [1, 1], "teleport_success_count": [0, 0]}}, "20": {"actual_fidelities": 0.6345955876299076, "total_verified_pairs": 14.0, "success_verification_probability": [0.13046662329583142, 0.12499999999989544, 0.13712325543194664, 0.9999999999991642], "total_verification_count": 5.0, "success_verification_count": 2.0, "teleport_success_count": 3.5, "raw_data": {"actual_fidelities": [0.48170500361107327, 0.5285095508976894, 0.4958273354409283, 0.44789632517311123, 0.5350611862315201, 0.588247001206338, 0.4759421840349674, 0.4848036689675818, 0.49933245913412194, 0.5011633438884273, 0.45450048007436983, 0.5177276849256868, 0.5247626414067984, 0.44884477180366217, 0.8623315481658607, 0.3638186309845903, 0.3037045899084315, 0.41122979386959396, 0.4565004457157825, 0.6141805708935881, 0.7725872373032913, 0.9999999999999998, 0.9999999999999998, 0.9999999999999999, 0.9999999999999997, 0.9999999999999999, 0.9999999999999998, 0.9999999999999999], "total_verified_pairs": [14, 14], "total_verification_count": [7, 3], "success_verification_count": [2, 2], "teleport_success_count": [0, 7]}}, "27": {"actual_fidelities": 0.6015026993685909, "total_verified_pairs": 21.0, "success_verification_probability": [0.11841292382408328, 0.18164062499988431, 0.1258332378445872, 0.1812245671556055, 0.09179687499990644, 0.373046874999782], "total_verification_count": 15.5, "success_verification_count": 3.0, "teleport_success_count": 0.5, "raw_data": {"actual_fidelities": [0.9749448377672257, 0.9749448377671995, 0.25685939944080927, 0, 0.9745932118034055, 0.223982301770792, 0.9109906338081527, 0.0, 0.27782401771855897, 0.34097839384008394, 0.7019407457295506, 0.7847301746878272, 0.5369092994345795, 0.8410540424026749, 0.8654017568541905, 0.673441625730488, 0.4538018384343981, 0.32705733186815766, 0.7352160929239967, 0.7560479109047474, 0.7797687962857982, 0.8093973196721483, 0.2728107976491459, 0.38236723994481786, 0.1750333798100721, 0.8600003221102744, 0.38159067608487546, 0.5690184345872983, 0.9167472562900609, 0.41256849850210264, 0.9632707738887545, 0.968582284124998, 8.860283456763785e-09, 0.9377222987762606, 0.34738579472619224, 0.0, 0.2517199378209123, 0.9372381702389116, 0.9385010753008926, 0.9108615124868625, 0.8383425816062455, 0.9994677618270725], "total_verified_pairs": [21, 21], "total_verification_count": [7, 24], "success_verification_count": [3, 3], "teleport_success_count": [0, 1]}}}