{"12": {"actual_fidelities": 0.4687843144888934, "total_verified_pairs": 6.0, "success_verification_probability": [0.1289062499997459, 0.13341082182669528], "total_verification_count": 3.5, "success_verification_count": 1.0, "teleport_success_count": 0.0, "raw_data": {"actual_fidelities": [0.0, 0.2567262277072672, 0.8727187511649408, 0.8305664728178186, 4.43014172838118e-09, 0.6005417343898234, 0.3422271678809898, 3.1325832577560637e-09, 0.8808378429802455, 0.8911834499842839, 0.9295412950070712, 0.021068824371554364], "total_verified_pairs": [6, 6], "total_verification_count": [4, 3], "success_verification_count": [1, 1], "teleport_success_count": [0, 0]}}, "18": {"actual_fidelities": 0.8605825951563246, "total_verified_pairs": 12.0, "success_verification_probability": [0.9999999999983664, 0.3671874999997227, 0.9999999999983664, 0.3437499999998482], "total_verification_count": 15.0, "success_verification_count": 2.0, "teleport_success_count": 7.0, "raw_data": {"actual_fidelities": [1.0, 0.9999999999999999, 0.9999999999999999, 0.9999999999999999, 0.9999999999999998, 0.9999999999999998, 0.954470359988199, 0, 0.14002833111888544, 0.8523874934103862, 0.9708523973139246, 0.9929591015647573, 1.0, 0.9999999999999999, 0.9999999999999999, 0.9999999999999999, 0.9999999999999998, 0.9999999999999999, 0.9293203772850022, 0.8528028654233506, 0.9999999999999999, 6.265166515512657e-09, 0.9805806756910601, 0.98058067569106], "total_verified_pairs": [12, 12], "total_verification_count": [20, 10], "success_verification_count": [2, 2], "teleport_success_count": [7, 7]}}, "24": {"actual_fidelities": 0.7511969045946761, "total_verified_pairs": 18.0, "success_verification_probability": [0.3437499999998482, 0.13554864658660368, 0.1176216424452114, 0.14513407042925652, 0.9999999999983662, 0.9999999999983662], "total_verification_count": 28.0, "success_verification_count": 3.0, "teleport_success_count": 6.5, "raw_data": {"actual_fidelities": [0.9293203772850022, 0.8528028654233506, 1.0, 6.265166515511649e-09, 0.9718253158076496, 0.9718253158076499, 0.0, 0.635897581019104, 0.5905393134154798, 0.42647120308230685, 0.66215671388389, 0.7905616585706804, 0.8577656622075742, 0.7929449717399663, 0.3156436268655389, 0.6617924320462063, 0.6406492160845818, 0.800648248502955, 0.5335558516949004, 0.4872485081547123, 0.5326276870506668, 0.5313373052824917, 0.5043951287579891, 0.5530795764604777, 0.9999999999999999, 1.0, 0.9999999999999997, 0.9999999999999999, 0.9999999999999998, 0.9999999999999998, 0.9999999999999999, 0.9999999999999999, 0.9999999999999997, 0.9999999999999999, 0.9999999999999998, 0.9999999999999999], "total_verified_pairs": [18, 18], "total_verification_count": [41, 15], "success_verification_count": [3, 3], "teleport_success_count": [1, 12]}}, "30": {"actual_fidelities": 0.7001719272433808, "total_verified_pairs": 24.0, "success_verification_probability": [0.9999999999983664, 0.08193737141271826, 0.24609374999926692, 0.9999999999983658, 0.22388167382379973, 0.12779105016059458, 0.10546874999987574, 0.10934339071998277], "total_verification_count": 16.5, "success_verification_count": 4.0, "teleport_success_count": 7.0, "raw_data": {"actual_fidelities": [1.0, 0.9999999999999999, 0.9999999999999999, 1.0, 0.9999999999999999, 1.0, 0.40848209587193324, 0.30878344020127024, 0.6080359691849557, 0.5706316583413804, 0.6433164772762163, 0.46997364317603124, 0.7918232927771348, 0, 0.9307654055004713, 0.8646275475938789, 0.9980512762481681, 0.8642411418893309, 0.9999999999999999, 0.9999999999999998, 0.9999999999999999, 0.9999999999999999, 0.9999999999999997, 0.9999999999999998, 0.6903368870282566, 0.681375458827911, 0.44112904052152824, 0.6574447102078952, 0.6852728661020179, 0.2836320662520412, 0.5379584672464076, 0.49500088127823305, 0.5261159515769752, 0.3714529507983503, 0.4711158265576974, 0.5329672628963849, 0.8437984396684926, 0.6559504432399383, 0.745355992499064, 0.6427666701454353, 0.672463750380645, 0.8523712801082375, 0.0, 0.5701395003882165, 0.6694972366518834, 0.6380238844695078, 0.6709886136024766, 0.8143623791739152], "total_verified_pairs": [24, 24], "total_verification_count": [15, 18], "success_verification_count": [4, 4], "teleport_success_count": [14, 0]}}}