{
  "14": {
    "actual_fidelities": 0.5280096373032533,
    "total_verified_pairs": 8.0,
    "success_verification_probability": [
      0.08077366931517749,
      0.12524271398712217
    ],
    "total_verification_count": 1.0,
    "success_verification_count": 1.0,
    "teleport_success_count": 0.0,
    "raw_data": {
      "actual_fidelities": [
        0.47682374720318454,
        0.4114140637277062,
        0.6065616242795437,
        0.4373879060575096,
        0.5756052334174979,
        0.7087793796106772,
        0.6667640355575507,
        0.7787414725291432,
        0.5004842527390658,
        0.5003028980853996,
        0.4935973794704378,
        0.5004404752440145,
        0.3054121867017941,
        0.48749092105152164,
        0.5190740461714028,
        0.47927457500560383
      ],
      "total_verified_pairs": [
        8,
        8
      ],
      "total_verification_count": [
        1,
        1
      ],
      "success_verification_count": [
        1,
        1
      ],
      "teleport_success_count": [
        0,
        0
      ]
    }
  },
  "22": {
    "actual_fidelities": 0.5487354413189802,
    "total_verified_pairs": 16.0,
    "success_verification_probability": [
      0.12514140314059483,
      0.12402343749963385,
      0.16785557772951945,
      0.159553429570802
    ],
    "total_verification_count": 22.5,
    "success_verification_count": 2.0,
    "teleport_success_count": 0.5,
    "raw_data": {
      "actual_fidelities": [
        0.5002824069715287,
        0.5010617546791228,
        0.5037295992808737,
        0.49605600537227396,
        0.30132799560054124,
        0.5011558694030789,
        0.5249221660901771,
        0.5167755053894741,
        0.8671611752943246,
        4.430141728381518e-09,
        0.7585528131813922,
        0.8825283814490268,
        0.8656487109349256,
        0.7850756515989068,
        0.997315444595287,
        0.6185336211332727,
        1.085158672274627e-08,
        0.29242757813771036,
        0.6664361659934419,
        0.6601073333498371,
        0.6549332514876072,
        0.7406709802370799,
        0.2756454795360385,
        0.7749057904562252,
        0.7975041788840223,
        0.5407317735282069,
        0.31357638405754673,
        0.6723724285002127,
        0.4822659609260445,
        0.24249401763937686,
        3.333761030728945e-13,
        0.8253356832177476
      ],
      "total_verified_pairs": [
        16,
        16
      ],
      "total_verification_count": [
        20,
        25
      ],
      "success_verification_count": [
        2,
        2
      ],
      "teleport_success_count": [
        1,
        0
      ]
    }
  },
  "30": {
    "actual_fidelities": 0.6736609170915551,
    "total_verified_pairs": 24.0,
    "success_verification_probability": [
      0.32855663923779493,
      0.1249999999999584,
      0.1244225250187979,
      0.24098658002514176,
      0.24902343749976613,
      0.3437499999997118
    ],
    "total_verification_count": 25.5,
    "success_verification_count": 3.0,
    "teleport_success_count": 2.5,
    "raw_data": {
      "actual_fidelities": [
        0.9595536830507737,
        0.9215997628650778,
        0.8524758272052799,
        0,
        0.8611946761079278,
        0.7452961954496403,
        0.8553297673813356,
        0.9677054043481711,
        0.4843407235215201,
        0.49995645733115646,
        0.4999999999998878,
        0.4999999999998205,
        0.6568655802407753,
        0.4889478647526183,
        0.4991036359502743,
        0.4820162783135973,
        0.49862747729496926,
        0.4978967053623687,
        0.5012832825496255,
        0.501896741939307,
        0.3062614044819661,
        0.49072628250260636,
        0.4826941488349026,
        0.4882677736576964,
        0,
        0.8630762553752382,
        0.8382250620185805,
        0.8236533957884657,
        0.2723899201997249,
        0.7485975945790728,
        0.6672555681180382,
        0.9789607650783768,
        0.7908793814983428,
        0,
        0.9575257589734162,
        0.9434752624490512,
        0.9271727288032939,
        0.9049683106306184,
        0.9995771541614036,
        0.8521533152580266,
        0.9293203772845127,
        0.8528028654222841,
        0.9999999999999998,
        0.9999999999999999,
        0.9999999999999999,
        0,
        0.9718253158074487,
        0.9718253158074526
      ],
      "total_verified_pairs": [
        24,
        24
      ],
      "total_verification_count": [
        37,
        14
      ],
      "success_verification_count": [
        3,
        3
      ],
      "teleport_success_count": [
        0,
        5
      ]
    }
  }
}