{"teleport_success_count": 0.0, "total_count": 1.0, "teleport_success_rate": 0.0, "teleport_fids": 0.7062399607141252, "duration": 23618571.74767464}