{"total_count": 239.41747572815535, "average_fidelity": 0.70093028445684, "teleport_success_count": 0.0}