{"total_count": 6.349397590361446, "average_fidelity": 0.6091399845538424, "teleport_success_count": 0.0}