{"total_count": 6.935123042505593, "average_fidelity": 0.6139274975042115, "teleport_success_count": 0.0}