{"teleport_success_count": [0.0, 0.0, 0.0, 0.0, 0.0, 0.0, 0.0, 0.0, 0.0, 0.0, 0.0, 0.0, 0.0, 0.0, 0.0, 0.0, 0.0, 0.0, 0.0, 0.0, 0.0, 0.0, 0.0, 0.0, 0.0, 0.0, 0.0, 0.0, 0.0, 0.0, 0.0, 0.0, 0.0, 0.0, 0.0, 0.0, 0.0, 0.0, 0.0, 0.0, 0.0, 0.0, 0.0, 0.0, 0.0, 0.0, 0.0, 0.0, 0.0, 0.0, 0.0, 0.0, 0.0, 0.0, 0.0, 0.0, 0.0, 0.0, 0.0, 0.0, 0.0, 0.0, 0.0, 0.0, 0.0, 0.0, 0.0, 0.0, 0.0, 0.0, 0.0, 0.0, 0.0, 0.0, 0.0, 0.0, 0.0, 0.0, 0.0, 0.0, 0.0, 0.0, 0.0, 0.0, 0.0, 0.0, 0.0, 0.0, 0.0, 0.0, 0.0, 0.0, 0.0, 0.0, 0.0, 0.0, 0.0, 0.0, 0.0, 0.0, 0.0, 0.0, 0.0, 0.0, 0.0, 0.0, 0.0, 0.0, 0.0, 0.0, 0.0, 0.0, 0.0, 0.0, 0.0, 0.0, 0.0, 0.0, 0.0, 0.0, 0.0, 0.0, 0.0, 0.0, 0.0, 0.0, 0.0, 0.0, 0.0, 0.0, 0.0], "total_count": [1.0, 1.0, 1.0, 1.0, 1.0, 1.0, 1.0, 1.0, 1.0, 1.0, 1.0, 1.0, 1.0, 1.0, 1.0, 1.0, 1.0, 1.0, 1.0, 1.0, 1.0, 1.0, 1.0, 1.0, 1.0, 1.0, 1.0, 1.0, 1.0, 1.0, 1.0, 1.0, 1.0, 1.0, 1.0, 1.0, 1.0, 1.0, 1.0, 1.0, 1.0, 1.0, 1.0, 1.0, 1.0, 1.0, 1.0, 1.0, 1.0, 1.0, 1.0, 1.0, 1.0, 1.0, 1.0, 1.0, 1.0, 1.0, 1.0, 1.0, 1.0, 1.0, 1.0, 1.0, 1.0, 1.0, 1.0, 1.0, 1.0, 1.0, 1.0, 1.0, 1.0, 1.0, 1.0, 1.0, 1.0, 1.0, 1.0, 1.0, 1.0, 1.0, 1.0, 1.0, 1.0, 1.0, 1.0, 1.0, 1.0, 1.0, 1.0, 1.0, 1.0, 1.0, 1.0, 1.0, 1.0, 1.0, 1.0, 1.0, 1.0, 1.0, 1.0, 1.0, 1.0, 1.0, 1.0, 1.0, 1.0, 1.0, 1.0, 1.0, 1.0, 1.0, 1.0, 1.0, 1.0, 1.0, 1.0, 1.0, 1.0, 1.0, 1.0, 1.0, 1.0, 1.0, 1.0, 1.0, 1.0, 1.0, 1.0], "teleport_success_rate": [0.0, 0.0, 0.0, 0.0, 0.0, 0.0, 0.0, 0.0, 0.0, 0.0, 0.0, 0.0, 0.0, 0.0, 0.0, 0.0, 0.0, 0.0, 0.0, 0.0, 0.0, 0.0, 0.0, 0.0, 0.0, 0.0, 0.0, 0.0, 0.0, 0.0, 0.0, 0.0, 0.0, 0.0, 0.0, 0.0, 0.0, 0.0, 0.0, 0.0, 0.0, 0.0, 0.0, 0.0, 0.0, 0.0, 0.0, 0.0, 0.0, 0.0, 0.0, 0.0, 0.0, 0.0, 0.0, 0.0, 0.0, 0.0, 0.0, 0.0, 0.0, 0.0, 0.0, 0.0, 0.0, 0.0, 0.0, 0.0, 0.0, 0.0, 0.0, 0.0, 0.0, 0.0, 0.0, 0.0, 0.0, 0.0, 0.0, 0.0, 0.0, 0.0, 0.0, 0.0, 0.0, 0.0, 0.0, 0.0, 0.0, 0.0, 0.0, 0.0, 0.0, 0.0, 0.0, 0.0, 0.0, 0.0, 0.0, 0.0, 0.0, 0.0, 0.0, 0.0, 0.0, 0.0, 0.0, 0.0, 0.0, 0.0, 0.0, 0.0, 0.0, 0.0, 0.0, 0.0, 0.0, 0.0, 0.0, 0.0, 0.0, 0.0, 0.0, 0.0, 0.0, 0.0, 0.0, 0.0, 0.0, 0.0, 0.0], "teleport_fids": [0.707106781186538, 0.707257045584034, 0.7017006578060189, 0.7089893568889268, 0.7057967038286408, 0.7071067811865481, 0.7084402048709717, 0.7071067811865478, 0.7090714583617623, 0.7071067811865481, 0.7070767335910775, 0.7071067811865794, 0.7071067811865475, 0.707106781186551, 0.7071067811865479, 0.625238346794924, 0.7028430092559994, 0.7071067811865477, 0.7012510400832319, 0.707106781186539, 0.7062342766921385, 0.7072955214625185, 0.7071067811865419, 0.7071067811865471, 0.7055142641374061, 0.7070914546335292, 0.6935847349259067, 0.7079747892519767, 0.7071067811865521, 0.7270535531934806, 0.7000302220960735, 0.7071067811865486, 0.7064612695870032, 0.7068947858768329, 0.7071067811865495, 0.7075210379603988, 0.7071067811865472, 0.6962132939683567, 0.7043404526903908, 0.7071067811865658, 0.7071200273559874, 0.7222895108564448, 0.7071067811865326, 0.7071067811865457, 0.7080738250973211, 0.7125336497713858, 0.7070156904022074, 0.7076096184060666, 0.7071067811865475, 0.7071067811865527, 0.7573700983480147, 0.7012039046304853, 0.7071056480860902, 0.7071067811865613, 0.7071067811865479, 0.7071067811865502, 0.693378952804363, 0.7076361500402794, 0.707106781186548, 0.7059207369134527, 0.7067270823294568, 0.6996729069719366, 0.7071067811865469, 0.7059804503368114, 0.7065116245590282, 0.7071067811865394, 0.7071067811865472, 0.7059698280647237, 0.7068266842025814, 0.7071067811865464, 0.7071067811865471, 0.707106781186547, 0.7071067811865468, 0.711752552416297, 0.7109802398008289, 0.6962851306826682, 0.7417684298215675, 0.7272660869683745, 0.7063772937293985, 0.7073471805492536, 0.7071067811865569, 0.7071067811865475, 0.7270056875777531, 0.7017151360356653, 0.7057325269684197, 0.7054807746956707, 0.7071565752974127, 0.7074204137328102, 0.6760697367916298, 0.7071067811865339, 0.7063441291431652, 0.7069696269160719, 0.7081374932933562, 0.7071067811865495, 0.704666937848409, 0.7071067811865483, 0.7070527156590939, 0.7070229943851082, 0.705648456878149, 0.7071067811865486, 0.7071067811865475, 0.7038683635655044, 0.7071067811865472, 0.7071450636599765, 0.7019078906550704, 0.7071067811865478, 0.6999560036605149, 0.7080474258850586, 0.707106781186551, 0.7003846073473362, 0.7030392972733992, 0.6989965790040772, 0.7073515552178034, 0.7071067811865478, 0.7071067811865814, 0.7055357464592742, 0.7071067811865497, 0.6898684562097555, 0.7071067811865491, 0.7130275620668793, 0.6798206412468818, 0.7132323815261192, 0.7036986616235894, 0.7193680048038588, 0.7071067811865471, 0.6201517171897614, 0.7073567208399658, 0.7088450000018586, 0.7211790758038265, 0.7065583880085294, 0.6718235769021847], "duration": [189154792.6889952, 1320378976.291866, 347097855.8899521, 488540502.3923445, 154065096.69377992, 257303479.97607654, 461665910.09090906, 1565165502.3923445, 264779405.06698564, 235774603.37799042, 862098976.2918661, 484902852.8899521, 464142852.8899521, 544647877.9665072, 1182283973.291866, 510033973.291866, 413029789.68899524, 427850910.09090906, 84817443.19138756, 316525503.3923445, 303055506.3923445, 317315096.6937799, 433415503.3923445, 251495506.3923445, 902213675.2870814, 638752443.1913875, 1002785503.3923445, 677680723.7799042, 456407554.8851675, 585090503.3923445, 500865503.3923445, 526776018.784689, 1895120096.69378, 322116319.7894737, 339744603.3779904, 771793973.2918661, 263865095.69377992, 801365910.0909091, 445517036.49282295, 316089688.9952153, 357901322.7894737, 379183259.5885168, 608560913.0909091, 1193416626.7942584, 1254307139.1866028, 456864904.3827751, 890542446.1913875, 1513944382.9904306, 139714491.68421054, 374360007.076555, 268375199.3875598, 484414789.68899524, 236026325.78947368, 494373973.291866, 861320910.0909091, 671192033.492823, 2490690502.3923445, 1262095095.69378, 526353973.291866, 469281322.7894737, 562805910.0909091, 709582440.1913875, 472317548.8851675, 719044792.6889952, 704362440.1913875, 440920502.3923445, 1066186626.7942584, 359384688.9952153, 690033777.9808612, 648016732.4880383, 978430612.0861244, 330085095.6937799, 388675096.6937799, 347533973.291866, 331335095.6937799, 502356626.79425836, 165613368.28229666, 799348889.6746411, 757238566.5933014, 505480502.3923445, 518504792.68899524, 901439081.9856459, 384089193.67942584, 1011023973.2918661, 302511319.7894737, 562554379.9904306, 180388262.58851674, 333024379.9904306, 434317440.19138753, 1608040502.3923445, 883037033.492823, 756995199.3875598, 395393371.28229666, 523887142.1866029, 493162958.58373207, 377777852.8899521, 129116319.78947368, 282717551.8851675, 1175428669.2870812, 354305720.7799043, 298936322.7894737, 697042440.1913875, 483301626.79425836, 153271838.1818182, 1040072446.1913875, 601065095.69378, 296977852.8899521, 369016729.4880383, 755114379.9904306, 1012407849.8899522, 790655202.3875598, 345596018.784689, 520481431.4832536, 670975503.3923445, 67425502.3923445, 588635910.0909091, 1576510202.38756, 276643566.5933014, 140208371.28229666, 391995910.09090906, 826410199.3875598, 663680506.3923445, 512264084.98564595, 883325910.0909091, 213285096.69377992, 1553179379.9904306, 843097440.1913875, 159619688.9952153, 403919382.9904306, 479058259.5885168, 597660910.0909091]}