{"1": {"total_count": 159.99585062240664, "average_fidelity": 0.5007637664983036, "teleport_success_count": 80.10788381742739}}