{
  "3": {
    "total_count": 165.65255474452556,
    "average_fidelity": 0.5010025607033877,
    "teleport_success_count": 83.0058394160584
  }
}
