{"teleport_success_count": [0.0, 0.0, 0.0, 0.0, 0.0, 0.0, 0.0], "total_count": [1.0, 1.0, 1.0, 1.0, 1.0, 1.0, 1.0], "teleport_success_rate": [0.0, 0.0, 0.0, 0.0, 0.0, 0.0, 0.0], "teleport_fids": [0.707033308938926, 0.7071067811865417, 0.7071067811865234, 0.706922246284855, 0.707106781186551, 0.7071067811865478, 0.7065033990492806], "duration": [296705196.38755983, 289428666.28708136, 728212142.1866028, 325221425.4832536, 644507353.5741627, 1022783666.2870814, 411878973.291866]}