{"teleport_success_count": 0.0, "total_count": 1.0, "teleport_success_rate": 0.0, "teleport_fids": 0.706983725574175, "duration": 531248203.35680103}