{
  "3": {
    "teleport_success_count": 0.487,
    "total_count": 1.0,
    "teleport_success_rate": 0.487,
    "teleport_fids": 0.4869999999999999,
    "duration": 11497227.489588518
  },
  "4": {
    "teleport_success_count": 0.504,
    "total_count": 1.0,
    "teleport_success_rate": 0.504,
    "teleport_fids": 0.5039999999999999,
    "duration": 14390669.322224889
  },
  "5": {
    "teleport_success_count": 0.485,
    "total_count": 1.0,
    "teleport_success_rate": 0.485,
    "teleport_fids": 0.4849999999999999,
    "duration": 16123403.286287071
  },
  "6": {
    "teleport_success_count": 0.511,
    "total_count": 1.0,
    "teleport_success_rate": 0.511,
    "teleport_fids": 0.5109999999999999,
    "duration": 18276298.260822937
  },
  "7": {
    "teleport_success_count": 0.501,
    "total_count": 1.0,
    "teleport_success_rate": 0.501,
    "teleport_fids": 0.5009999999999999,
    "duration": 19596887.88527748
  },
  "8": {
    "teleport_success_count": 0.488,
    "total_count": 1.0,
    "teleport_success_rate": 0.488,
    "teleport_fids": 0.4879999999999999,
    "duration": 21830074.500990402
  },
  "9": {
    "teleport_success_count": 0.475,
    "total_count": 1.0,
    "teleport_success_rate": 0.475,
    "teleport_fids": 0.47499999999999987,
    "duration": 22911025.72577507
  }
}