{"1": {"teleport_success_count": 0.487, "total_count": 1.0, "teleport_success_rate": 0.487, "teleport_fids": 0.4869999999999999, "duration": 16222187.81996651}}