{"2": {"actual_fidelity": 0.24193548387096775, "estimated_fidelity": 0.9966416586149262, "purified_count": 435.0, "purified_success_count": 402.0, "experiment_duration": 118800159.0}}