{"5": {"actual_fidelity": 0.873, "estimated_fidelity": 0.9966416586149264, "purified_count": 3.42, "purified_success_count": 3.182, "experiment_duration": 0.001331604214}, "7": {"actual_fidelity": 0.766, "estimated_fidelity": 0.9966416586149264, "purified_count": 10.055, "purified_success_count": 9.446, "experiment_duration": 0.003132805609}, "9": {"actual_fidelity": 0.702, "estimated_fidelity": 0.9966416586149264, "purified_count": 16.919, "purified_success_count": 15.836, "experiment_duration": 0.005000408083}, "11": {"actual_fidelity": 0.634, "estimated_fidelity": 0.9966416586149264, "purified_count": 23.77, "purified_success_count": 22.238, "experiment_duration": 0.0068604105319999996}, "13": {"actual_fidelity": 0.5783333333333333, "estimated_fidelity": 0.9966416586149264, "purified_count": 30.35, "purified_success_count": 28.476, "experiment_duration": 0.008644812873999999}, "15": {"actual_fidelity": 0.5433636363636363, "estimated_fidelity": 0.9966416586149264, "purified_count": 37.254, "purified_success_count": 34.84, "experiment_duration": 0.010533615414}, "17": {"actual_fidelity": 0.5126923076923078, "estimated_fidelity": 0.9966416586149264, "purified_count": 43.709, "purified_success_count": 41.054, "experiment_duration": 0.012272817654999999}, "19": {"actual_fidelity": 0.47946666666666665, "estimated_fidelity": 0.9966416586149264, "purified_count": 50.608, "purified_success_count": 47.444, "experiment_duration": 0.014154420164}, "21": {"actual_fidelity": 0.4574117647058823, "estimated_fidelity": 0.9966416586149264, "purified_count": 57.2, "purified_success_count": 53.664, "experiment_duration": 0.015947222536000002}, "23": {"actual_fidelity": 0.43536842105263157, "estimated_fidelity": 0.9966416586149264, "purified_count": 63.827, "purified_success_count": 59.972, "experiment_duration": 0.017736424855000002}, "25": {"actual_fidelity": 0.43057142857142855, "estimated_fidelity": 0.9966416586149264, "purified_count": 71.04, "purified_success_count": 66.534, "experiment_duration": 0.019709227506}, "27": {"actual_fidelity": 0.41147826086956524, "estimated_fidelity": 0.9966416586149264, "purified_count": 77.73, "purified_success_count": 72.778, "experiment_duration": 0.021536429952}}