{"5": {"actual_fidelity": 0.847, "estimated_fidelity": 0.9966416586149264, "purified_count": 3.364, "purified_success_count": 3.158, "experiment_duration": 0.001314004178, "satisfied_pairs_count": 1.0}, "7": {"actual_fidelity": 0.7793333333333332, "estimated_fidelity": 0.9966416586149264, "purified_count": 10.175, "purified_success_count": 9.5, "experiment_duration": 0.003170005675, "satisfied_pairs_count": 3.0}, "9": {"actual_fidelity": 0.6968, "estimated_fidelity": 0.9966416586149264, "purified_count": 16.883, "purified_success_count": 15.812, "experiment_duration": 0.004990808071, "satisfied_pairs_count": 5.0}, "11": {"actual_fidelity": 0.6374285714285713, "estimated_fidelity": 0.9966416586149264, "purified_count": 23.702, "purified_success_count": 22.172, "experiment_duration": 0.00684641053, "satisfied_pairs_count": 7.0}, "13": {"actual_fidelity": 0.5814444444444444, "estimated_fidelity": 0.9966416586149264, "purified_count": 30.399, "purified_success_count": 28.476, "experiment_duration": 0.008664412923000001, "satisfied_pairs_count": 9.0}, "15": {"actual_fidelity": 0.5373636363636364, "estimated_fidelity": 0.9966416586149264, "purified_count": 37.058, "purified_success_count": 34.742, "experiment_duration": 0.010474815315999999, "satisfied_pairs_count": 11.0}, "17": {"actual_fidelity": 0.5061538461538462, "estimated_fidelity": 0.9966416586149264, "purified_count": 43.978, "purified_success_count": 41.188, "experiment_duration": 0.012353617789999998, "satisfied_pairs_count": 13.0}, "19": {"actual_fidelity": 0.48160000000000003, "estimated_fidelity": 0.9966416586149264, "purified_count": 50.618, "purified_success_count": 47.49, "experiment_duration": 0.014149220128, "satisfied_pairs_count": 15.0}, "21": {"actual_fidelity": 0.46558823529411764, "estimated_fidelity": 0.9966416586149264, "purified_count": 57.341, "purified_success_count": 53.798, "experiment_duration": 0.015976822543, "satisfied_pairs_count": 17.0}, "23": {"actual_fidelity": 0.4436315789473684, "estimated_fidelity": 0.9966416586149264, "purified_count": 64.333, "purified_success_count": 60.246, "experiment_duration": 0.017884025087000002, "satisfied_pairs_count": 19.0}, "25": {"actual_fidelity": 0.4203333333333334, "estimated_fidelity": 0.9966416586149264, "purified_count": 71.035, "purified_success_count": 66.522, "experiment_duration": 0.019709627513, "satisfied_pairs_count": 21.0}, "27": {"actual_fidelity": 0.4131739130434782, "estimated_fidelity": 0.9966416586149264, "purified_count": 77.599, "purified_success_count": 72.684, "experiment_duration": 0.021502829915, "satisfied_pairs_count": 23.0}, "29": {"actual_fidelity": 0.3978800000000001, "estimated_fidelity": 0.9966416586149264, "purified_count": 84.73, "purified_success_count": 79.288, "experiment_duration": 0.023434432442, "satisfied_pairs_count": 25.0}, "31": {"actual_fidelity": 0.3872962962962963, "estimated_fidelity": 0.9966416586149264, "purified_count": 91.125, "purified_success_count": 85.438, "experiment_duration": 0.025162434687, "satisfied_pairs_count": 27.0}, "33": {"actual_fidelity": 0.37527586206896557, "estimated_fidelity": 0.9966416586149264, "purified_count": 98.101, "purified_success_count": 91.868, "experiment_duration": 0.027066837232999998, "satisfied_pairs_count": 29.0}}