{"2": {"actual_fidelity": 0.9799999999999999, "estimated_fidelity": 0.9925373753118737}}