{"2": {"actual_fidelity": 0.9779999999999999, "estimated_fidelity": 0.9925373753118545}, "3": {"actual_fidelity": 0.9525509999999997, "estimated_fidelity": 0.9851304413909451}, "4": {"actual_fidelity": 0.9268408799999996, "estimated_fidelity": 0.9777787826379774}, "5": {"actual_fidelity": 0.9045909599999995, "estimated_fidelity": 0.9704819865551183}, "6": {"actual_fidelity": 0.8937419157992154, "estimated_fidelity": 0.9632396437228515}, "7": {"actual_fidelity": 0.8723444371291021, "estimated_fidelity": 0.9560513477770048}, "8": {"actual_fidelity": 0.8610029053412939, "estimated_fidelity": 0.9489166953859494}, "9": {"actual_fidelity": 0.8507301942668084, "estimated_fidelity": 0.9418352862279687}, "10": {"actual_fidelity": 0.8285759709193373, "estimated_fidelity": 0.9348067229687973}, "11": {"actual_fidelity": 0.8037362618351591, "estimated_fidelity": 0.927830611239326}, "12": {"actual_fidelity": 0.7844743318090278, "estimated_fidelity": 0.9209065596134742}, "13": {"actual_fidelity": 0.7703556428012511, "estimated_fidelity": 0.9140341795862276}, "14": {"actual_fidelity": 0.7313815853036834, "estimated_fidelity": 0.9072130855518385}, "15": {"actual_fidelity": 0.7278001842935641, "estimated_fidelity": 0.9004428947821908}, "16": {"actual_fidelity": 0.714642344617359, "estimated_fidelity": 0.893723227405324}, "17": {"actual_fidelity": 0.7326005127658846, "estimated_fidelity": 0.8870537063841198}, "18": {"actual_fidelity": 0.6732356463079455, "estimated_fidelity": 0.8804339574951467}, "19": {"actual_fidelity": 0.6489259618146402, "estimated_fidelity": 0.8738636093076618}, "20": {"actual_fidelity": 0.6680772954158153, "estimated_fidelity": 0.8673422931627706}, "21": {"actual_fidelity": 0.6459385484559057, "estimated_fidelity": 0.8608696431527413}, "22": {"actual_fidelity": 0.6107879274454476, "estimated_fidelity": 0.8544452961004746}, "23": {"actual_fidelity": 0.6017009799194023, "estimated_fidelity": 0.8480688915391253}, "24": {"actual_fidelity": 0.5878371580855114, "estimated_fidelity": 0.8417400716918773}, "25": {"actual_fidelity": 0.563244153207694, "estimated_fidelity": 0.8354584814518681}, "26": {"actual_fidelity": 0.5750159641785291, "estimated_fidelity": 0.8292237683622649}, "27": {"actual_fidelity": 0.5470622727697098, "estimated_fidelity": 0.8230355825964876}, "28": {"actual_fidelity": 0.5377592013835604, "estimated_fidelity": 0.8168935769385808}, "29": {"actual_fidelity": 0.529053023813272, "estimated_fidelity": 0.8107974067637315}, "30": {"actual_fidelity": 0.5380177964312327, "estimated_fidelity": 0.804746730018932}, "31": {"actual_fidelity": 0.5171440001807992, "estimated_fidelity": 0.7987412072037884}, "32": {"actual_fidelity": 0.490433823334524, "estimated_fidelity": 0.7927805013514703}, "33": {"actual_fidelity": 0.4761647503402597, "estimated_fidelity": 0.7868642780098044}, "34": {"actual_fidelity": 0.48224050716400724, "estimated_fidelity": 0.7809922052225087}, "35": {"actual_fidelity": 0.47933160466510155, "estimated_fidelity": 0.775163953510566}, "36": {"actual_fidelity": 0.45184902751611516, "estimated_fidelity": 0.7693791958537376}, "37": {"actual_fidelity": 0.4352349047546944, "estimated_fidelity": 0.763637607672214}, "38": {"actual_fidelity": 0.4567352028506427, "estimated_fidelity": 0.757938866808403}, "39": {"actual_fidelity": 0.4082488882774813, "estimated_fidelity": 0.7522826535088535}, "40": {"actual_fidelity": 0.40211374956816587, "estimated_fidelity": 0.7466686504063147}, "41": {"actual_fidelity": 0.39248870324005664, "estimated_fidelity": 0.7410965425019282}, "42": {"actual_fidelity": 0.41023018672767847, "estimated_fidelity": 0.7355660171475541}, "43": {"actual_fidelity": 0.37462387812476267, "estimated_fidelity": 0.7300767640282279}, "44": {"actual_fidelity": 0.3663107555486136, "estimated_fidelity": 0.7246284751447494}, "45": {"actual_fidelity": 0.38887470255007284, "estimated_fidelity": 0.7192208447964009}, "46": {"actual_fidelity": 0.3568667047657034, "estimated_fidelity": 0.7138535695637944}, "47": {"actual_fidelity": 0.3765341194379124, "estimated_fidelity": 0.7085263482918468}, "48": {"actual_fidelity": 0.33961264178160133, "estimated_fidelity": 0.7032388820728824}, "49": {"actual_fidelity": 0.33110487628765867, "estimated_fidelity": 0.6979908742298615}, "50": {"actual_fidelity": 0.3388450157646797, "estimated_fidelity": 0.6927820302997335}}