{
    "2": {
        "actual_fidelity": 0.9678787878787878,
        "estimated_fidelity": 0.9682862787700481,
        "average_duration": 10685028.507,
        "average_teleportation_success": 96.867
    },
    "3": {
        "actual_fidelity": 0.93808012600755,
        "estimated_fidelity": 0.9375783176543474,
        "average_duration": 12339937.563,
        "average_teleportation_success": 96.911
    }
}