{"1": {"total_count": 101.095, "average_fidelity": 0.49829399985196876, "teleport_success_count": 50.401666666666664}}