{"4": {"0": {"total_count": 949, "teleport_success_count": 507, "average_fidelity": 0.5342465753424657, "all_fid": [0.9999999999999998, 0.0, 0.9999999999999998, 0.9999999999999998, 0.0, 0.0, 0.0, 0.9999999999999998, 0.0, 0.0, 0.0, 0.9999999999999998, 0.0, 0.9999999999999998, 0.9999999999999998, 0.9999999999999998, 0.0, 0.9999999999999998, 0.0, 0.0, 0.9999999999999998, 0.9999999999999998, 0.0, 0.9999999999999998, 0.0, 0.9999999999999998, 0.9999999999999998, 0.9999999999999998, 0.9999999999999998, 0.0, 0.0, 0.0, 0.9999999999999998, 0.9999999999999998, 0.0, 0.0, 0.9999999999999998, 0.0, 0.9999999999999998, 0.0, 0.9999999999999998, 0.0, 0.9999999999999998, 0.0, 0.9999999999999998, 0.0, 0.9999999999999998, 0.0, 0.0, 0.0, 0.0, 0.9999999999999998, 0.0, 0.0, 0.0, 0.9999999999999998, 0.9999999999999998, 0.9999999999999998, 0.9999999999999998, 0.0, 0.0, 0.0, 0.0, 0.0, 0.9999999999999998, 0.9999999999999998, 0.0, 0.9999999999999998, 0.0, 0.9999999999999998, 0.9999999999999998, 0.0, 0.9999999999999998, 0.9999999999999998, 0.9999999999999998, 0.9999999999999998, 0.9999999999999998, 0.9999999999999998, 0.9999999999999998, 0.9999999999999998, 0.0, 0.0, 0.9999999999999998, 0.9999999999999998, 0.0, 0.9999999999999998, 0.9999999999999998, 0.0, 0.0, 0.9999999999999998, 0.9999999999999998, 0.9999999999999998, 0.9999999999999998, 0.9999999999999998, 0.9999999999999998, 0.9999999999999998, 0.0, 0.9999999999999998, 0.9999999999999998, 0.9999999999999998, 0.0, 0.0, 0.0, 0.0, 0.0, 0.9999999999999998, 0.9999999999999998, 0.9999999999999998, 0.0, 0.0, 0.0, 0.0, 0.9999999999999998, 0.0, 0.9999999999999998, 0.0, 0.0, 0.0, 0.0, 0.9999999999999998, 0.0, 0.9999999999999998, 0.9999999999999998, 0.9999999999999998, 0.0, 0.9999999999999998, 0.0, 0.0, 0.0, 0.0, 0.9999999999999998, 0.9999999999999998, 0.9999999999999998, 0.9999999999999998, 0.0, 0.0, 0.0, 0.9999999999999998, 0.9999999999999998, 0.9999999999999998, 0.9999999999999998, 0.9999999999999998, 0.0, 0.9999999999999998, 0.9999999999999998, 0.0, 0.9999999999999998, 0.0, 0.9999999999999998, 0.0, 0.0, 0.0, 0.0, 0.0, 0.0, 0.9999999999999998, 0.0, 0.9999999999999998, 0.0, 0.0, 0.9999999999999998, 0.0, 0.9999999999999998, 0.9999999999999998, 0.9999999999999998, 0.9999999999999998, 0.9999999999999998, 0.9999999999999998, 0.0, 0.9999999999999998, 0.9999999999999998, 0.0, 0.9999999999999998, 0.9999999999999998, 0.0, 0.9999999999999998, 0.9999999999999998, 0.9999999999999998, 0.9999999999999998, 0.0, 0.9999999999999998, 0.0, 0.0, 0.9999999999999998, 0.0, 0.0, 0.0, 0.9999999999999998, 0.9999999999999998, 0.0, 0.0, 0.9999999999999998, 0.9999999999999998, 0.0, 0.9999999999999998, 0.9999999999999998, 0.0, 0.9999999999999998, 0.0, 0.9999999999999998, 0.0, 0.9999999999999998, 0.0, 0.0, 0.0, 0.9999999999999998, 0.0, 0.0, 0.9999999999999998, 0.0, 0.0, 0.9999999999999998, 0.0, 0.9999999999999998, 0.9999999999999998, 0.9999999999999998, 0.9999999999999998, 0.0, 0.9999999999999998, 0.0, 0.9999999999999998, 0.0, 0.0, 0.9999999999999998, 0.9999999999999998, 0.0, 0.9999999999999998, 0.9999999999999998, 0.9999999999999998, 0.0, 0.9999999999999998, 0.9999999999999998, 0.9999999999999998, 0.9999999999999998, 0.9999999999999998, 0.0, 0.9999999999999998, 0.0, 0.9999999999999998, 0.0, 0.0, 0.9999999999999998, 0.9999999999999998, 0.9999999999999998, 0.9999999999999998, 0.9999999999999998, 0.0, 0.9999999999999998, 0.9999999999999998, 0.0, 0.9999999999999998, 0.0, 0.0, 0.9999999999999998, 0.9999999999999998, 0.9999999999999998, 0.0, 0.0, 0.0, 0.9999999999999998, 0.9999999999999998, 0.9999999999999998, 0.9999999999999998, 0.0, 0.0, 0.0, 0.9999999999999998, 0.0, 0.9999999999999998, 0.9999999999999998, 0.0, 0.9999999999999998, 0.9999999999999998, 0.0, 0.9999999999999998, 0.9999999999999998, 0.0, 0.0, 0.9999999999999998, 0.0, 0.9999999999999998, 0.9999999999999998, 0.0, 0.0, 0.9999999999999998, 0.9999999999999998, 0.0, 0.0, 0.9999999999999998, 0.9999999999999998, 0.0, 0.0, 0.9999999999999998, 0.9999999999999998, 0.0, 0.0, 0.0, 0.9999999999999998, 0.9999999999999998, 0.0, 0.0, 0.9999999999999998, 0.0, 0.0, 0.9999999999999998, 0.0, 0.9999999999999998, 0.9999999999999998, 0.0, 0.0, 0.0, 0.0, 0.9999999999999998, 0.0, 0.9999999999999998, 0.9999999999999998, 0.9999999999999998, 0.0, 0.0, 0.9999999999999998, 0.9999999999999998, 0.0, 0.0, 0.9999999999999998, 0.9999999999999998, 0.9999999999999998, 0.9999999999999998, 0.9999999999999998, 0.0, 0.0, 0.0, 0.9999999999999998, 0.9999999999999998, 0.9999999999999998, 0.0, 0.0, 0.0, 0.0, 0.9999999999999998, 0.0, 0.0, 0.0, 0.9999999999999998, 0.9999999999999998, 0.9999999999999998, 0.0, 0.0, 0.0, 0.0, 0.9999999999999998, 0.0, 0.9999999999999998, 0.0, 0.0, 0.9999999999999998, 0.9999999999999998, 0.9999999999999998, 0.0, 0.0, 0.9999999999999998, 0.0, 0.9999999999999998, 0.0, 0.9999999999999998, 0.9999999999999998, 0.9999999999999998, 0.0, 0.0, 0.9999999999999998, 0.9999999999999998, 0.9999999999999998, 0.9999999999999998, 0.0, 0.9999999999999998, 0.0, 0.9999999999999998, 0.0, 0.9999999999999998, 0.9999999999999998, 0.9999999999999998, 0.9999999999999998, 0.0, 0.9999999999999998, 0.9999999999999998, 0.9999999999999998, 0.9999999999999998, 0.0, 0.0, 0.9999999999999998, 0.9999999999999998, 0.0, 0.9999999999999998, 0.0, 0.9999999999999998, 0.9999999999999998, 0.9999999999999998, 0.9999999999999998, 0.9999999999999998, 0.9999999999999998, 0.0, 0.0, 0.9999999999999998, 0.0, 0.0, 0.9999999999999998, 0.9999999999999998, 0.9999999999999998, 0.0, 0.9999999999999998, 0.9999999999999998, 0.9999999999999998, 0.0, 0.9999999999999998, 0.9999999999999998, 0.9999999999999998, 0.0, 0.9999999999999998, 0.0, 0.9999999999999998, 0.9999999999999998, 0.9999999999999998, 0.0, 0.0, 0.9999999999999998, 0.9999999999999998, 0.0, 0.0, 0.0, 0.9999999999999998, 0.9999999999999998, 0.0, 0.9999999999999998, 0.0, 0.0, 0.0, 0.0, 0.9999999999999998, 0.9999999999999998, 0.9999999999999998, 0.9999999999999998, 0.9999999999999998, 0.9999999999999998, 0.9999999999999998, 0.9999999999999998, 0.9999999999999998, 0.9999999999999998, 0.9999999999999998, 0.0, 0.9999999999999998, 0.9999999999999998, 0.9999999999999998, 0.9999999999999998, 0.0, 0.0, 0.0, 0.9999999999999998, 0.0, 0.0, 0.0, 0.9999999999999998, 0.0, 0.0, 0.9999999999999998, 0.0, 0.0, 0.0, 0.0, 0.0, 0.9999999999999998, 0.9999999999999998, 0.9999999999999998, 0.0, 0.9999999999999998, 0.0, 0.9999999999999998, 0.9999999999999998, 0.9999999999999998, 0.9999999999999998, 0.9999999999999998, 0.0, 0.0, 0.9999999999999998, 0.0, 0.9999999999999998, 0.0, 0.9999999999999998, 0.0, 0.0, 0.9999999999999998, 0.0, 0.0, 0.0, 0.9999999999999998, 0.0, 0.0, 0.9999999999999998, 0.0, 0.9999999999999998, 0.0, 0.0, 0.9999999999999998, 0.0, 0.9999999999999998, 0.9999999999999998, 0.0, 0.9999999999999998, 0.9999999999999998, 0.9999999999999998, 0.9999999999999998, 0.9999999999999998, 0.0, 0.0, 0.9999999999999998, 0.0, 0.9999999999999998, 0.9999999999999998, 0.9999999999999998, 0.9999999999999998, 0.0, 0.9999999999999998, 0.0, 0.9999999999999998, 0.9999999999999998, 0.9999999999999998, 0.0, 0.0, 0.0, 0.0, 0.0, 0.9999999999999998, 0.0, 0.9999999999999998, 0.0, 0.0, 0.9999999999999998, 0.9999999999999998, 0.9999999999999998, 0.0, 0.0, 0.0, 0.0, 0.9999999999999998, 0.0, 0.0, 0.9999999999999998, 0.9999999999999998, 0.9999999999999998, 0.9999999999999998, 0.9999999999999998, 0.9999999999999998, 0.0, 0.9999999999999998, 0.0, 0.9999999999999998, 0.0, 0.0, 0.0, 0.0, 0.9999999999999998, 0.9999999999999998, 0.0, 0.0, 0.0, 0.9999999999999998, 0.0, 0.0, 0.0, 0.0, 0.9999999999999998, 0.0, 0.9999999999999998, 0.9999999999999998, 0.0, 0.0, 0.0, 0.9999999999999998, 0.9999999999999998, 0.9999999999999998, 0.9999999999999998, 0.0, 0.0, 0.0, 0.0, 0.0, 0.9999999999999998, 0.9999999999999998, 0.9999999999999998, 0.9999999999999998, 0.9999999999999998, 0.0, 0.9999999999999998, 0.9999999999999998, 0.9999999999999998, 0.0, 0.9999999999999998, 0.0, 0.0, 0.9999999999999998, 0.9999999999999998, 0.9999999999999998, 0.9999999999999998, 0.9999999999999998, 0.0, 