{"teleport_success_count": [0.0, 0.0, 0.0, 0.0, 0.0, 0.0, 0.0, 0.0, 0.0, 0.0, 0.0, 0.0, 0.0, 0.0, 0.0, 0.0, 0.0, 0.0, 0.0, 0.0, 0.0, 0.0, 0.0, 0.0, 0.0, 0.0, 0.0, 0.0, 0.0, 0.0, 0.0, 0.0, 0.0, 0.0, 0.0, 0.0, 0.0, 0.0, 0.0, 0.0, 0.0, 0.0, 0.0, 0.0, 0.0, 0.0, 0.0, 0.0, 0.0, 0.0, 0.0, 0.0, 0.0, 0.0, 0.0, 0.0, 0.0, 0.0, 0.0, 0.0, 0.0, 0.0, 0.0, 0.0, 0.0, 0.0, 0.0, 0.0, 0.0, 0.0, 0.0, 0.0, 0.0, 0.0, 0.0, 0.0, 0.0, 0.0, 0.0, 0.0, 0.0, 0.0, 0.0, 0.0, 0.0, 0.0, 0.0, 0.0, 0.0, 0.0, 0.0, 0.0, 0.0, 0.0, 0.0, 0.0, 0.0, 0.0, 0.0, 0.0, 0.0, 0.0, 0.0, 0.0, 0.0, 0.0, 0.0, 0.0, 0.0, 0.0, 0.0, 0.0, 0.0], "total_count": [1.0, 1.0, 1.0, 1.0, 1.0, 1.0, 1.0, 1.0, 1.0, 1.0, 1.0, 1.0, 1.0, 1.0, 1.0, 1.0, 1.0, 1.0, 1.0, 1.0, 1.0, 1.0, 1.0, 1.0, 1.0, 1.0, 1.0, 1.0, 1.0, 1.0, 1.0, 1.0, 1.0, 1.0, 1.0, 1.0, 1.0, 1.0, 1.0, 1.0, 1.0, 1.0, 1.0, 1.0, 1.0, 1.0, 1.0, 1.0, 1.0, 1.0, 1.0, 1.0, 1.0, 1.0, 1.0, 1.0, 1.0, 1.0, 1.0, 1.0, 1.0, 1.0, 1.0, 1.0, 1.0, 1.0, 1.0, 1.0, 1.0, 1.0, 1.0, 1.0, 1.0, 1.0, 1.0, 1.0, 1.0, 1.0, 1.0, 1.0, 1.0, 1.0, 1.0, 1.0, 1.0, 1.0, 1.0, 1.0, 1.0, 1.0, 1.0, 1.0, 1.0, 1.0, 1.0, 1.0, 1.0, 1.0, 1.0, 1.0, 1.0, 1.0, 1.0, 1.0, 1.0, 1.0, 1.0, 1.0, 1.0, 1.0, 1.0, 1.0, 1.0], "teleport_success_rate": [0.0, 0.0, 0.0, 0.0, 0.0, 0.0, 0.0, 0.0, 0.0, 0.0, 0.0, 0.0, 0.0, 0.0, 0.0, 0.0, 0.0, 0.0, 0.0, 0.0, 0.0, 0.0, 0.0, 0.0, 0.0, 0.0, 0.0, 0.0, 0.0, 0.0, 0.0, 0.0, 0.0, 0.0, 0.0, 0.0, 0.0, 0.0, 0.0, 0.0, 0.0, 0.0, 0.0, 0.0, 0.0, 0.0, 0.0, 0.0, 0.0, 0.0, 0.0, 0.0, 0.0, 0.0, 0.0, 0.0, 0.0, 0.0, 0.0, 0.0, 0.0, 0.0, 0.0, 0.0, 0.0, 0.0, 0.0, 0.0, 0.0, 0.0, 0.0, 0.0, 0.0, 0.0, 0.0, 0.0, 0.0, 0.0, 0.0, 0.0, 0.0, 0.0, 0.0, 0.0, 0.0, 0.0, 0.0, 0.0, 0.0, 0.0, 0.0, 0.0, 0.0, 0.0, 0.0, 0.0, 0.0, 0.0, 0.0, 0.0, 0.0, 0.0, 0.0, 0.0, 0.0, 0.0, 0.0, 0.0, 0.0, 0.0, 0.0, 0.0, 0.0], "teleport_fids": [0.706776323114975, 0.7279934982764424, 0.7043731457872888, 0.6962044162732067, 0.7013023232247997, 0.7623079483361631, 0.730799134912903, 0.7105560547962343, 0.6825176262624861, 0.6945604773744091, 0.7074106249704356, 0.7083326216105388, 0.726316382672489, 0.740397460639797, 0.712158709752123, 0.6867984209869676, 0.6999268028374327, 0.7035464601719977, 0.709638291232081, 0.680086674085037, 0.6774675811566643, 0.6743833059584762, 0.7025696681845408, 0.7071533467570319, 0.7091555624130361, 0.5996046284907013, 0.7229742318793689, 0.697950109750145, 0.7071067811865496, 0.7128178167682617, 0.7295100797815783, 0.7119047054961508, 0.7039566682125085, 0.7030957213302026, 0.7049219220562903, 0.7019163312050963, 0.7688767970007093, 0.7083041332193385, 0.750382830277172, 0.7198356583430598, 0.6887867774474463, 0.7029107145565171, 0.7027998958807338, 0.7103890812022956, 0.751240107213813, 0.7016047111548132, 0.6950885896986347, 0.7163675977500452, 0.70557794548595, 0.6995892207966216, 0.7166087340140201, 0.7109732428972781, 0.7195133418242318, 0.7163642642075161, 0.7130455756488272, 0.7015430401493793, 0.7550240732880329, 0.649670222188461, 0.6997651232667527, 0.7057326868443543, 0.705646975325811, 0.6715804845733535, 0.7333235819296207, 0.6909450697665324, 0.7306480157339695, 0.6938215146591602, 0.7195453015235702, 0.7148711423989701, 0.689762759147247, 0.7069320284830052, 0.6709302460065245, 0.6885295258971101, 0.704820761712572, 0.742357981990949, 0.6496081794972125, 0.6960881368956422, 0.7182714683407787, 0.6865064981420884, 0.6917230635659048, 0.6948147407321559, 0.7193221646683793, 0.7046782919324156, 0.7206600777329988, 0.7052977758633646, 0.7699777610451846, 0.6951895349798486, 0.7461551127573127, 0.681432312197783, 0.6908900950159684, 0.6948612982513913, 0.7055011725987493, 0.7060692352110057, 0.7001247826288671, 0.7798356854661723, 0.6952476300586966, 0.7358513384944378, 0.7204201020146692, 0.710342373868752, 0.7438424870761162, 0.6958515611971781, 0.7079109934522975, 0.698236821222399, 0.7276719734453767, 0.7174431123688692, 0.7120200901459438, 0.6966888008240255, 0.6874355390532736, 0.738003602194019, 0.6968001652344602, 0.697003749840999, 0.704677376164112, 0.6866820372906661, 0.6849472526973609], "duration": [424393468.97607654, 758399068.9856459, 311687536.8851675, 917792538.8851675, 563270191.3875598, 438657129.1866029, 819637947.583732, 348659477.68421054, 763957947.583732, 408201420.4832536, 196036007.784689, 460133769.98086125, 1266351935.8755982, 161424888.38277513, 1645583766.9808612, 535908876.67464113, 134324476.68421054, 379105599.0861244, 573852537.8851675, 231847948.58373207, 388079475.68421054, 357347536.8851675, 404042131.1866029, 406719886.3827751, 562042647.5789474, 312604176.67942584, 72924480.68421052, 584251417.4832536, 1161614997.076555, 203055191.3875598, 566409478.6842105, 423839070.98564595, 410641010.784689, 564694068.9856459, 439142946.58373207, 402804067.98564595, 1539499068.985646, 487473357.28229666, 204550191.3875598, 385427131.1866029, 150553661.28708133, 1136988358.2822967, 560306417.4832536, 759903766.9808612, 250181826.1818182, 537530815.4736842, 435528660.28708136, 220442131.18660286, 481000191.38755983, 259422948.58373207, 446699477.68421054, 558633766.9808612, 359009886.3827751, 551402537.8851675, 1023850601.0861244, 429964890.3827751, 649816420.4832536, 554067948.583732, 627032948.583732, 544090298.0813397, 911838660.2870814, 377684887.3827751, 539055601.0861244, 598091935.8755981, 569506006.784689, 440881417.4832536, 1301143660.2870812, 1648219176.679426, 661116827.1818181, 585497538.8851675, 934716825.1818181, 305594068.98564595, 465700598.0861244, 511182537.8851675, 363948660.28708136, 582787947.583732, 663870298.0813397, 385901828.1818182, 930888660.2870814, 824392129.1866028, 359054885.3827751, 644719887.3827751, 778504478.6842105, 721214887.3827751, 489157540.8851675, 709857129.1866028, 277836417.4832536, 556450598.0861244, 681970598.0861244, 90795706.7799043, 462066418.4832536, 739089888.3827751, 320379887.3827751, 286976417.4832536, 569749888.3827751, 87425601.0861244, 666265599.0861244, 217814480.68421054, 936873660.2870814, 446889885.3827751, 336333660.28708136, 556917947.583732, 362253357.28229666, 1866288660.2870812, 434492535.8851675, 514132129.1866029, 449554067.98564595, 524269067.98564595, 698666635.8708134, 444719890.3827751, 209833661.28708133, 256250300.08133972, 592735598.0861244]}