{"teleport_success_count": 0.0, "total_count": 1.0, "teleport_success_rate": 0.0, "teleport_fids": 0.7050451129451442, "duration": 25198458.831696782}