{"teleport_success_count": 0.0, "total_count": 1.0, "teleport_success_rate": 0.0, "teleport_fids": 0.7110297088866314, "duration": 510182749.6367243}