{"teleport_success_count": 0.0, "total_count": 1.0, "teleport_success_rate": 0.0, "teleport_fids": 0.7074892566868644, "duration": 554375018.1996443}