{"teleport_success_count": [0.0, 0.0, 0.0, 0.0, 0.0, 0.0, 0.0, 0.0, 0.0, 0.0, 0.0, 0.0, 0.0, 0.0, 0.0, 0.0, 0.0, 0.0, 0.0, 0.0, 0.0, 0.0, 0.0, 0.0, 0.0, 0.0, 0.0, 0.0, 0.0, 0.0, 0.0, 0.0, 0.0, 0.0, 0.0, 0.0, 0.0, 0.0, 0.0, 0.0, 0.0, 0.0, 0.0, 0.0, 0.0, 0.0, 0.0, 0.0, 0.0, 0.0, 0.0, 0.0, 0.0, 0.0, 0.0, 0.0, 0.0, 0.0, 0.0, 0.0, 0.0, 0.0], "total_count": [1.0, 1.0, 1.0, 1.0, 1.0, 1.0, 1.0, 1.0, 1.0, 1.0, 1.0, 1.0, 1.0, 1.0, 1.0, 1.0, 1.0, 1.0, 1.0, 1.0, 1.0, 1.0, 1.0, 1.0, 1.0, 1.0, 1.0, 1.0, 1.0, 1.0, 1.0, 1.0, 1.0, 1.0, 1.0, 1.0, 1.0, 1.0, 1.0, 1.0, 1.0, 1.0, 1.0, 1.0, 1.0, 1.0, 1.0, 1.0, 1.0, 1.0, 1.0, 1.0, 1.0, 1.0, 1.0, 1.0, 1.0, 1.0, 1.0, 1.0, 1.0, 1.0], "teleport_success_rate": [0.0, 0.0, 0.0, 0.0, 0.0, 0.0, 0.0, 0.0, 0.0, 0.0, 0.0, 0.0, 0.0, 0.0, 0.0, 0.0, 0.0, 0.0, 0.0, 0.0, 0.0, 0.0, 0.0, 0.0, 0.0, 0.0, 0.0, 0.0, 0.0, 0.0, 0.0, 0.0, 0.0, 0.0, 0.0, 0.0, 0.0, 0.0, 0.0, 0.0, 0.0, 0.0, 0.0, 0.0, 0.0, 0.0, 0.0, 0.0, 0.0, 0.0, 0.0, 0.0, 0.0, 0.0, 0.0, 0.0, 0.0, 0.0, 0.0, 0.0, 0.0, 0.0], "teleport_fids": [0.6792550806709062, 0.6794642968158227, 0.6980809929271181, 0.7103571880014045, 0.6680872034545764, 0.687271559981147, 0.7137628450504598, 0.7029774483487882, 0.7042644046441803, 0.7120134713109587, 0.6771059499900978, 0.6935969623902297, 0.7092635160776246, 0.6989124441452187, 0.7487472597133604, 0.7191880908839499, 0.7069787833421393, 0.7279295538986784, 0.6696733483740652, 0.6759176675763373, 0.6883756801665025, 0.7009331158729292, 0.6809257753065462, 0.733294669735975, 0.7215531172918284, 0.6924542400902576, 0.6895869435518965, 0.7186262456235357, 0.6983517697797191, 0.6895373456514057, 0.7396095838064097, 0.7030826234304866, 0.7319739652041278, 0.6973101935435241, 0.7048848456149105, 0.7287460113593508, 0.6611472618951719, 0.6972948117190723, 0.7571242674710889, 0.7876019981412185, 0.7087446713534907, 0.7257824554871046, 0.6372402346359295, 0.7144865381590794, 0.7247640418910644, 0.708057484148007, 0.72262204547154, 0.7034410699152267, 0.7549707495613494, 0.6528732015710306, 0.695104318809081, 0.7077982572217582, 0.6817832886776706, 0.7003666260993576, 0.7117503952290426, 0.7036007009724979, 0.7194993107451957, 0.737058065799476, 0.7001108599821444, 0.6877152923759488, 0.7236834386114689, 0.7064787523602325], "duration": [38770303.0430622, 26918980.291866027, 39141953.83732057, 47494952.19138756, 50386832.14354067, 38045713.74162679, 29339126.79425837, 15558425.09090909, 25237038.492822967, 16282393.344497608, 20383276.588516746, 14959335.14354067, 23521041.784688994, 18458010.392344497, 24500509.392344497, 47617804.0430622, 34786832.14354067, 34305779.58851674, 23054128.79425837, 65982393.344497606, 41942515.038277514, 18818835.789473683, 14595657.894736841, 41066332.78947368, 41430864.244019136, 41786334.78947368, 20039128.79425837, 17264333.14354067, 34182100.33971292, 24749869.535885166, 20878629.440191388, 57781893.99043062, 41069784.880382776, 15804952.19138756, 83652100.33971292, 35401070.59330144, 37568835.78947368, 26914248.488038275, 29957806.0430622, 16534333.14354067, 32236272.942583732, 18824042.13875598, 37810922.09090909, 14229954.19138756, 24499186.641148325, 47976070.59330144, 36356520.33014354, 12899541.492822966, 31390983.937799044, 20150571.239234447, 37448421.09090909, 36851483.29186603, 30555864.24401914, 37084514.684210524, 55461685.64114832, 23539539.492822967, 44107597.6937799, 19545571.239234447, 31526068.593301434, 17380657.89473684, 26074991.22966507, 19658361.24401914]}