{"4": {"0": {"total_count": 3, "teleport_success_count": 0, "average_fidelity": 0.7130100271287425, "all_fids": [0.7085255422102179, 0.7145791470388229, 0.7159253921371868]}, "1": {"total_count": 3, "teleport_success_count": 0, "average_fidelity": 0.7086794839883811, "all_fids": [0.745804577937539, 0.7010940772119758, 0.6791397968156286]}, "2": {"total_count": 2, "teleport_success_count": 0, "average_fidelity": 0.7296321052594252, "all_fids": [0.7387241226241317, 0.7205400878947188]}, "3": {"total_count": 7, "teleport_success_count": 0, "average_fidelity": 0.7062416313277328, "all_fids": [0.8491030466974793, 0.7328948417613538, 0.5859402277088188, 0.65946680079013, 0.7078961507179985, 0.7069412918685475, 0.7014490597498017]}, "4": {"total_count": 6, "teleport_success_count": 0, "average_fidelity": 0.7334477141113313, "all_fids": [0.7150822517915115, 0.7530030862181697, 0.7594772263713752, 0.7427365417879074, 0.7321921182557121, 0.6981950602433115]}, "5": {"total_count": 0, "teleport_success_count": 0, "average_fidelity": NaN, "all_fids": []}, "6": {"total_count": 4, "teleport_success_count": 0, "average_fidelity": 0.6915542938141201, "all_fids": [0.7041883749623981, 0.6984254731146005, 0.7078641389495736, 0.6557391882299087]}, "7": {"total_count": 4, "teleport_success_count": 0, "average_fidelity": 0.7091344522287005, "all_fids": [0.6964463166101778, 0.7266179555790802, 0.7139750549292918, 0.6994984817962523]}, "8": {"total_count": 1, "teleport_success_count": 0, "average_fidelity": 0.6928862027489601, "all_fids": [0.6928862027489601]}, "9": {"total_count": 10, "teleport_success_count": 0, "average_fidelity": 0.7395667664848621, "all_fids": [0.7095260191189742, 0.7019955768735285, 0.7313614293129975, 0.7843237322009613, 0.8434029514620047, 0.7921693189215039, 0.7061604633801718, 0.7077539678290916, 0.7119844380141968, 0.7069897677351901]}, "10": {"total_count": 7, "teleport_success_count": 0, "average_fidelity": 0.6713171348491843, "all_fids": [0.7514736351995099, 0.7077568698294472, 0.5515830757047298, 0.6172383323977483, 0.6971221500776076, 0.6886977778873323, 0.6853481028479154]}, "11": {"total_count": 4, "teleport_success_count": 0, "average_fidelity": 0.7010466581894862, "all_fids": [0.7074616721442838, 0.6843039175988683, 0.705314261828245, 0.7071067811865478]}, "12": {"total_count": 4, "teleport_success_count": 0, "average_fidelity": 0.720185468371717, "all_fids": [0.7044974012080748, 0.7396696500510698, 0.7063210625837066, 0.730253759644017]}, "13": {"total_count": 7, "teleport_success_count": 0, "average_fidelity": 0.7625977668074606, "all_fids": [0.7098489342703382, 0.7535688501615491, 0.7342390938946946, 0.6659046797326679, 0.7867527766166055, 0.9009882213734894, 0.7868818116028805]}, "14": {"total_count": 0, "teleport_success_count": 0, "average_fidelity": NaN, "all_fids": []}, "15": {"total_count": 10, "teleport_success_count": 0, "average_fidelity": 0.703012699526568, "all_fids": [0.7031953483336411, 0.7770318430619152, 0.697459577483771, 0.6958741179005928, 0.6875933135099543, 0.7066652496585989, 0.694257146761285, 0.6551039171010276, 0.7580173278945371, 0.6549291535603569]}, "16": {"total_count": 3, "teleport_success_count": 0, "average_fidelity": 0.7278585410614085, "all_fids": [0.7424888806004942, 0.6857230741114381, 0.7553636684722932]}, "17": {"total_count": 6, "teleport_success_count": 0, "average_fidelity": 0.7091947937149574, "all_fids": [0.7211248625541044, 0.7045454646343582, 0.6991698495507616, 0.746693638121338, 0.7559676439875479, 0.627667303441635]}, "18": {"total_count": 0, "teleport_success_count": 0, "average_fidelity": NaN, "all_fids": []}, "19": {"total_count": 3, "teleport_success_count": 0, "average_fidelity": 0.7000019247983119, "all_fids": [0.7212013641171902, 0.7038462428097957, 0.67495816746795]}, "20": {"total_count": 9, "teleport_success_count": 0, "average_fidelity": 0.7247392752994851, "all_fids": [0.819516104750838, 0.7801489102736187, 0.8169205668875278, 0.5303327214061927, 0.7130352642188975, 0.7396257671799265, 0.7172461972462347, 0.7237885939743972, 0.682039351757734]}, "21": {"total_count": 3, "teleport_success_count": 0, "average_fidelity": 0.7128164609274372, "all_fids": [0.7012867464064623, 0.7349182368141995, 0.7022443995616499]}, "22": {"total_count": 4, "teleport_success_count": 0, "average_fidelity": 0.6932278485732732, "all_fids": [0.7617332148121219, 0.710892436377005, 0.6730129886154842, 0.6272727544884817]}, "23": {"total_count": 0, "teleport_success_count": 0, "average_fidelity": NaN, "all_fids": []}, "24": {"total_count": 4, "teleport_success_count": 0, "average_fidelity": 0.6439115451903863, "all_fids": [0.5671177074035223, 0.6420630705556915, 0.6328224270325747, 0.7336429757697565]}, "25": {"total_count": 6, "teleport_success_count": 0, "average_fidelity": 0.703389122880688, "all_fids": [0.6732832219821918, 0.6794601253587759, 0.7245447369643795, 0.7411795754419889, 0.7418387475181812, 0.660028330018611]}, "26": {"total_count": 0, "teleport_success_count": 0, "average_fidelity": NaN, "all_fids": []}, "27": {"total_count": 7, "teleport_success_count": 0, "average_fidelity": 0.6910895780525733, "all_fids": [0.6619382468957736, 0.5852949379540461, 0.8120246161303922, 0.5918641329913447, 0.7194165380016921, 0.7357901129486837, 0.7312984614460804]}, "28": {"total_count": 5, "teleport_success_count": 0, "average_fidelity": 0.7209172510734452, "all_fids": [0.6922136621543332, 0.754706278185526, 0.7286400488992145, 0.7131373728346548, 0.7158888932934974]}, "29": {"total_count": 9, "teleport_success_count": 0, "average_fidelity": 0.7151577829595547, "all_fids": [0.7026139730650914, 0.6957848888110416, 0.7543026119625162, 0.7399625619084497, 0.6801644500246214, 0.6733662755880818, 0.7240134876181537, 0.7475852898757641, 0.7186265077822718]}, "30": {"total_count": 0, "teleport_success_count": 0, "average_fidelity": NaN, "all_fids": []}, "31": {"total_count": 6, "teleport_success_count": 0, "average_fidelity": 0.6929936777535737, "all_fids": [0.5860874921314921, 0.7271843343475108, 0.7076820456300653, 0.7297411132925172, 0.6625624213217999, 0.744704659798057]}, "32": {"total_count": 9, "teleport_success_count": 0, "average_fidelity": 0.7003856691164487, "all_fids": [0.6477497058604191, 0.6674154913447081, 0.6982801798835314, 0.8235659404760101, 0.5950129823797502, 0.6437691906440167, 0.8078904431512793, 0.7071033393808668, 0.7126837489274569]}, "33": {"total_count": 4, "teleport_success_count": 0, "average_fidelity": 0.7289589426691744, "all_fids": [0.8557321123697372, 0.7043501249424875, 0.7939109397526437, 0.561842593611829]}, "34": {"total_count": 7, "teleport_success_count": 0, "average_fidelity": 0.6496199776523077, "all_fids": [0.514133213750043, 0.6757425880828145, 0.518910739356169, 0.6767869130721689, 0.7076570212757486, 0.7541750097172042, 0.6999343583120055]}, "35": {"total_count": 4, "teleport_success_count": 0, "average_fidelity": 0.7128044290282993, "all_fids": [0.720408048423108, 0.7434041834905254, 0.7095306240379137, 0.67787486016165]}, "36": {"total_count": 0, "teleport_success_count": 0, "average_fidelity": NaN, "all_fids": []}, "37": {"total_count": 10, "teleport_success_count": 0, "average_fidelity": 0.7173227889938428, "all_fids": [0.6793567705340093, 0.830318795223164, 0.6760606176593169, 0.6964494587282967, 0.698724132393979, 0.6985655618195935, 0.6828777814337451, 0.7825233184478841, 0.5783445734848426, 0.8500068802135975]}, "38": {"total_count": 5, "teleport_success_count": 0, "average_fidelity": 0.6999176229974395, "all_fids": [0.7051006054707506, 0.7188458082278363, 0.695319684381283, 0.6915750687235618, 0.688746948183766]}, "39": {"total_count": 8, "teleport_success_count": 0, "average_fidelity": 0.7153066606994538, "all_fids": [0.6152135835142207, 0.7048957908904789, 0.8009536051104068, 0.8267589178285444, 0.8244970364156557, 0.6115181816882036, 0.7037317385942888, 0.6348844315538313]}, "40": {"total_count": 7, "teleport_success_count": 0,