{"3": {"total_count": 6.917840375586854, "average_fidelity": NaN, "teleport_success_count": 0.002347417840375587}}