{"1": {"teleport_success_count": 0.487, "total_count": 1.0, "teleport_success_rate": 0.487, "teleport_fids": 0.4869999999999999, "duration": 29832653.61474163}, "2": {"teleport_success_count": 0.503, "total_count": 1.0, "teleport_success_rate": 0.503, "teleport_fids": 0.5029999999999999, "duration": 29589910.466535892}, "3": {"teleport_success_count": 0.506, "total_count": 1.0, "teleport_success_rate": 0.506, "teleport_fids": 0.5059999999999999, "duration": 30079105.293765556}, "4": {"teleport_success_count": 0.497, "total_count": 1.0, "teleport_success_rate": 0.497, "teleport_fids": 0.4969999999999999, "duration": 30041955.47792345}, "5": {"teleport_success_count": 0.508, "total_count": 1.0, "teleport_success_rate": 0.508, "teleport_fids": 0.5079999999999999, "duration": 30335620.185382783}, "6": {"teleport_success_count": 0.482, "total_count": 1.0, "teleport_success_rate": 0.482, "teleport_fids": 0.4819999999999999, "duration": 30135458.56812441}, "7": {"teleport_success_count": 0.506, "total_count": 1.0, "teleport_success_rate": 0.506, "teleport_fids": 0.5059999999999999, "duration": 30198609.61591388}, "8": {"teleport_success_count": 0.475, "total_count": 1.0, "teleport_success_rate": 0.475, "teleport_fids": 0.47499999999999987, "duration": 29891150.11507656}, "9": {"teleport_success_count": 0.503, "total_count": 1.0, "teleport_success_rate": 0.503, "teleport_fids": 0.5029999999999999, "duration": 30126168.989052635}, "10": {"teleport_success_count": 0.506, "total_count": 1.0, "teleport_success_rate": 0.506, "teleport_fids": 0.5059999999999999, "duration": 30078189.93760766}}